text,img,filename
0:00ー⚫ーーーーーーー90:00          13:34,https://d2dcan0armyq93.cloudfront.net/photo/odai/600/941eabe7445dc883f14a184bb3e16773_600.jpg,941eabe7445dc883f14a184bb3e16773_600.jpg
ピカチュウ10まんボルトだ,https://d2dcan0armyq93.cloudfront.net/photo/odai/600/616c9d732595db548b6a5f44d2694918_600.jpg,616c9d732595db548b6a5f44d2694918_600.jpg
『1 < 135』と書いたつもり,https://d2dcan0armyq93.cloudfront.net/photo/odai/600/d94ee916a111a02c8bbaccc8c10e39de_600.jpg,d94ee916a111a02c8bbaccc8c10e39de_600.jpg
あと1人で学級閉鎖のところに「先生、熱っぽいので早退します」と出てきた田中,https://d2dcan0armyq93.cloudfront.net/photo/odai/600/e4e31803a31b59127ced0c21c99712fd_600.jpg,e4e31803a31b59127ced0c21c99712fd_600.jpg
1年貯金して、いざ買ったら取り出せなかった,https://d2dcan0armyq93.cloudfront.net/photo/odai/600/65268e28a7377ca1100514c1c724a6ff_600.jpg,65268e28a7377ca1100514c1c724a6ff_600.jpg
ダイエットのためポテチは1日1枚、という制限を設けられたダニエルが本気を出した,https://d2dcan0armyq93.cloudfront.net/photo/odai/600/7740c260d39eb5a70814e97f4246f2c2_600.jpg,7740c260d39eb5a70814e97f4246f2c2_600.jpg
2068年「「あれブルゾンさんじゃね？」」,https://d2dcan0armyq93.cloudfront.net/photo/odai/600/6b9aea05c46822fd531bc1ebf0d7e0c9_600.jpg,6b9aea05c46822fd531bc1ebf0d7e0c9_600.jpg
こうすると30円の飴が2000円で売れる様になることを知った18の夏,https://d2dcan0armyq93.cloudfront.net/photo/odai/600/a1ddbce8684ee931df9290d5c375282f_600.jpg,a1ddbce8684ee931df9290d5c375282f_600.jpg
あ〜！3Pしてぇ！！,https://d2dcan0armyq93.cloudfront.net/photo/odai/600/5f7a84103798ef6d246049770cd45e7e_600.jpg,5f7a84103798ef6d246049770cd45e7e_600.jpg
3年間補欠だったトーマスが最後の試合に行く途中立ち寄ったガソリンスタンドで言った言葉「レギュラーで」が深い,https://d2dcan0armyq93.cloudfront.net/photo/odai/600/6b9442c77a1af03b14648a8be6a650f4_600.jpg,6b9442c77a1af03b14648a8be6a650f4_600.jpg
やはりベース3とドラムの編成だと会場の盛り上がりがいまいち,https://d2dcan0armyq93.cloudfront.net/photo/odai/600/5b2ef55a68a6fb64e0f390b8a99e52f3_600.jpg,5b2ef55a68a6fb64e0f390b8a99e52f3_600.jpg
4月からＭステはリニューアル！お楽しみに！,https://d2dcan0armyq93.cloudfront.net/photo/odai/600/a23a447705f40bb08bec08e63dcf6ec5_600.jpg,a23a447705f40bb08bec08e63dcf6ec5_600.jpg
ん？DIOの血？飲もう！,https://d2dcan0armyq93.cloudfront.net/photo/odai/600/71263c4242b45c4c8051c779ba761c91_600.jpg,71263c4242b45c4c8051c779ba761c91_600.jpg
またGacktが完璧に見分けた,https://d2dcan0armyq93.cloudfront.net/photo/odai/600/93d398fd32d74290b608ae40a24fba31_600.jpg,93d398fd32d74290b608ae40a24fba31_600.jpg
(…Gの気配がする!!!!),https://d2dcan0armyq93.cloudfront.net/photo/odai/600/62bf8642269fce31e6da42ca83afa8ab_600.jpg,62bf8642269fce31e6da42ca83afa8ab_600.jpg
Hai! Hagekoputaa!,https://d2dcan0armyq93.cloudfront.net/photo/odai/600/63719ab33a037f7e32163c7466648e93_600.jpg,63719ab33a037f7e32163c7466648e93_600.jpg
HON NOJI NO HEN！　HON NOJI NO HEN！　HON NOJI NO HEN！,https://d2dcan0armyq93.cloudfront.net/photo/odai/600/3c257b2a1105a283844abc2cd8b6a136_600.jpg,3c257b2a1105a283844abc2cd8b6a136_600.jpg
ヌいて,https://d2dcan0armyq93.cloudfront.net/photo/odai/600/00e3e4d067aeff263f38c9d169e8939d_600.jpg,00e3e4d067aeff263f38c9d169e8939d_600.jpg
ピンゲスト,https://d2dcan0armyq93.cloudfront.net/photo/odai/600/02559ea31c1f19fe62295a0215f4e69d_600.jpg,02559ea31c1f19fe62295a0215f4e69d_600.jpg
つんつんつん,https://d2dcan0armyq93.cloudfront.net/photo/odai/600/092bcb02dbd9197602a3e58f671acfc1_600.jpg,092bcb02dbd9197602a3e58f671acfc1_600.jpg
そ・ん・た・く！ハイ、ハイ、ハイッ！,https://d2dcan0armyq93.cloudfront.net/photo/odai/600/0ada4bb5f8378f0f5ff9b8ce8f2cb5fb_600.jpg,0ada4bb5f8378f0f5ff9b8ce8f2cb5fb_600.jpg
い,https://d2dcan0armyq93.cloudfront.net/photo/odai/600/0fd650eb802f4799aea055509be5ae7c_600.jpg,0fd650eb802f4799aea055509be5ae7c_600.jpg
チョーヤダ,https://d2dcan0armyq93.cloudfront.net/photo/odai/600/18107f00c7b6786488714eb3a1e70089_600.jpg,18107f00c7b6786488714eb3a1e70089_600.jpg
どこでもドアー,https://d2dcan0armyq93.cloudfront.net/photo/odai/600/2df23c50a8868f48f4f4a3b6f2c3424a_600.jpg,2df23c50a8868f48f4f4a3b6f2c3424a_600.jpg
し,https://d2dcan0armyq93.cloudfront.net/photo/odai/600/310d0aae1e61816d40f8538e3fa514f5_600.jpg,310d0aae1e61816d40f8538e3fa514f5_600.jpg
さらばだブルマ・・・トランクス・・・そして・・・ カカロット・・・,https://d2dcan0armyq93.cloudfront.net/photo/odai/600/393f29cad1c64bdd4af4fd31b27da5e9_600.jpg,393f29cad1c64bdd4af4fd31b27da5e9_600.jpg
そういえばタランチュラにエサあげてないな…。,https://d2dcan0armyq93.cloudfront.net/photo/odai/600/3dee9442e3ef84562835fed71b50abd8_600.jpg,3dee9442e3ef84562835fed71b50abd8_600.jpg
ウルトラマン（ピンポン）ダッシュ,https://d2dcan0armyq93.cloudfront.net/photo/odai/600/3f069da2027251d40412a401c2aae3a7_600.jpg,3f069da2027251d40412a401c2aae3a7_600.jpg
「どう？ズラってバレバレでしょ？」,https://d2dcan0armyq93.cloudfront.net/photo/odai/600/4247a8d9cbc3e0991cefe63b96985900_600.jpg,4247a8d9cbc3e0991cefe63b96985900_600.jpg
げりなのにおならしたい,https://d2dcan0armyq93.cloudfront.net/photo/odai/600/44f5c218e01e931890c59ff1c479c92f_600.jpg,44f5c218e01e931890c59ff1c479c92f_600.jpg
ーツァルト／ッハ／ートーべン,https://d2dcan0armyq93.cloudfront.net/photo/odai/600/502f2205468d4d1029e7056d24196a52_600.jpg,502f2205468d4d1029e7056d24196a52_600.jpg
マンナンライフのら/クラッシュ,https://d2dcan0armyq93.cloudfront.net/photo/odai/600/612ba851a4e6e07d4ae835afaf5cb418_600.jpg,612ba851a4e6e07d4ae835afaf5cb418_600.jpg
プーチャンだよ〜！,https://d2dcan0armyq93.cloudfront.net/photo/odai/600/6489cc37122525a3694cad3d21abbef6_600.jpg,6489cc37122525a3694cad3d21abbef6_600.jpg
なめとんの,https://d2dcan0armyq93.cloudfront.net/photo/odai/600/6983b2e0a63b60453c6496e89ec42796_600.jpg,6983b2e0a63b60453c6496e89ec42796_600.jpg
ウツス　ダメ　ワカル？,https://d2dcan0armyq93.cloudfront.net/photo/odai/600/6f6a43ca7e9d4b11cbfca8ae2851ff6b_600.jpg,6f6a43ca7e9d4b11cbfca8ae2851ff6b_600.jpg
ｺｼｺｼ... うっ......ぴゅ。,https://d2dcan0armyq93.cloudfront.net/photo/odai/600/72906329ab55bfd87bcd84f57e65bb2f_600.jpg,72906329ab55bfd87bcd84f57e65bb2f_600.jpg
なまけすぎた,https://d2dcan0armyq93.cloudfront.net/photo/odai/600/7877630715f64248dad3b98f3d00f4e0_600.jpg,7877630715f64248dad3b98f3d00f4e0_600.jpg
あ,https://d2dcan0armyq93.cloudfront.net/photo/odai/600/80f0c67d71431680a2b2bca349a77d6f_600.jpg,80f0c67d71431680a2b2bca349a77d6f_600.jpg
げーーー！！！！,https://d2dcan0armyq93.cloudfront.net/photo/odai/600/930590c9f3d740f7dc9810930b175886_600.jpg,930590c9f3d740f7dc9810930b175886_600.jpg
ダウンタウン,https://d2dcan0armyq93.cloudfront.net/photo/odai/600/956ebd3e924722acae137650536db0cb_600.jpg,956ebd3e924722acae137650536db0cb_600.jpg
なにこ,https://d2dcan0armyq93.cloudfront.net/photo/odai/600/981223c79d0b1798056e9c7f456182be_600.jpg,981223c79d0b1798056e9c7f456182be_600.jpg
ツモリ,https://d2dcan0armyq93.cloudfront.net/photo/odai/600/a96df3aff3ada49bf03b1ff509493143_600.jpg,a96df3aff3ada49bf03b1ff509493143_600.jpg
エルボだよ♫,https://d2dcan0armyq93.cloudfront.net/photo/odai/600/b02a6d10e0e861c83e23ba4933d5da75_600.jpg,b02a6d10e0e861c83e23ba4933d5da75_600.jpg
フィリピンのものかーー！！,https://d2dcan0armyq93.cloudfront.net/photo/odai/600/b20d704a16dcab0b45b723bc89d0f1df_600.jpg,b20d704a16dcab0b45b723bc89d0f1df_600.jpg
アイーン！！,https://d2dcan0armyq93.cloudfront.net/photo/odai/600/b95474da05a74d9f1a9095f636bd7fc5_600.jpg,b95474da05a74d9f1a9095f636bd7fc5_600.jpg
やろうってのね‼︎ホワチャアァァァァッ‼︎,https://d2dcan0armyq93.cloudfront.net/photo/odai/600/bc0b9f6999718a574e6ff95606c84d8c_600.jpg,bc0b9f6999718a574e6ff95606c84d8c_600.jpg
ちん／ちん／ち,https://d2dcan0armyq93.cloudfront.net/photo/odai/600/c25f90f686af6bd24e3af07b44e4c978_600.jpg,c25f90f686af6bd24e3af07b44e4c978_600.jpg
ブッ,https://d2dcan0armyq93.cloudfront.net/photo/odai/600/d71697f0201f4f056392d833fd20f5cf_600.jpg,d71697f0201f4f056392d833fd20f5cf_600.jpg
ドラムです,https://d2dcan0armyq93.cloudfront.net/photo/odai/600/dc173f6fd7924db1195bd5b98eef098d_600.jpg,dc173f6fd7924db1195bd5b98eef098d_600.jpg
おいキモロー！,https://d2dcan0armyq93.cloudfront.net/photo/odai/600/df99ea1656167d55b3273096cdc3222b_600.jpg,df99ea1656167d55b3273096cdc3222b_600.jpg
ほらな,https://d2dcan0armyq93.cloudfront.net/photo/odai/600/e132d8204e1d061cb9d1dc13b1a36f7b_600.jpg,e132d8204e1d061cb9d1dc13b1a36f7b_600.jpg
あれ,https://d2dcan0armyq93.cloudfront.net/photo/odai/600/e17165c9078615b7b8ece2e5cad0f1e0_600.jpg,e17165c9078615b7b8ece2e5cad0f1e0_600.jpg
いいな いいな にげんな…いいな？,https://d2dcan0armyq93.cloudfront.net/photo/odai/600/e880ca229e79d92ae1b237b79e45cb37_600.jpg,e880ca229e79d92ae1b237b79e45cb37_600.jpg
せ〜の！ダメ〜〜！,https://d2dcan0armyq93.cloudfront.net/photo/odai/600/edc699178e4e867100ce65eb157cb1d6_600.jpg,edc699178e4e867100ce65eb157cb1d6_600.jpg
えーっきしっっっ！！,https://d2dcan0armyq93.cloudfront.net/photo/odai/600/f3d03019050faef157cbebc17a415d00_600.jpg,f3d03019050faef157cbebc17a415d00_600.jpg
へいタクシー！,https://d2dcan0armyq93.cloudfront.net/photo/odai/600/f3dfc2d252610bf6d551473ec9cadfc2_600.jpg,f3dfc2d252610bf6d551473ec9cadfc2_600.jpg
さ／にんしん,https://d2dcan0armyq93.cloudfront.net/photo/odai/600/fbe24027e5c1c304bb509f80dfcbf75e_600.jpg,fbe24027e5c1c304bb509f80dfcbf75e_600.jpg
iPhone15,https://d2dcan0armyq93.cloudfront.net/photo/odai/600/5a844caac9578a0fa7cda5daff73073d_600.jpg,5a844caac9578a0fa7cda5daff73073d_600.jpg
さあNight,https://d2dcan0armyq93.cloudfront.net/photo/odai/600/573bbe830eb8748c0c334f681e0eb1b9_600.jpg,573bbe830eb8748c0c334f681e0eb1b9_600.jpg
ドSなマラえもん,https://d2dcan0armyq93.cloudfront.net/photo/odai/600/640ee962ea568f98342f0647517099b7_600.jpg,640ee962ea568f98342f0647517099b7_600.jpg
一年中平日やったらええのになぁ〜,https://d2dcan0armyq93.cloudfront.net/photo/odai/600/f38469ff4d64c38e11a7c1e5632a893d_600.jpg,f38469ff4d64c38e11a7c1e5632a893d_600.jpg
さっと一振り　味の素,https://d2dcan0armyq93.cloudfront.net/photo/odai/600/36641b1bf8d4f4673a407bf3f28587ba_600.jpg,36641b1bf8d4f4673a407bf3f28587ba_600.jpg
一瞬でも水受けが兎の両足に見えた人は正直に星２つ↓,https://d2dcan0armyq93.cloudfront.net/photo/odai/600/6a26fff5152594f478b920417045a6b6_600.jpg,6a26fff5152594f478b920417045a6b6_600.jpg
ギャルパンツ三世,https://d2dcan0armyq93.cloudfront.net/photo/odai/600/640ee962ea568f98342f0647517099b7_600.jpg,640ee962ea568f98342f0647517099b7_600.jpg
三二四駆,https://d2dcan0armyq93.cloudfront.net/photo/odai/600/23a4fa2f4a1349fc229b2e468359be34_600.jpg,23a4fa2f4a1349fc229b2e468359be34_600.jpg
三塁ランナー気にすんなー,https://d2dcan0armyq93.cloudfront.net/photo/odai/600/3388d1357795352341334ccef983355b_600.jpg,3388d1357795352341334ccef983355b_600.jpg
これ上から落ちてきたんですけど,https://d2dcan0armyq93.cloudfront.net/photo/odai/600/28e990306bf8fb75f1bf59657127b039_600.jpg,28e990306bf8fb75f1bf59657127b039_600.jpg
世界観迷子センター,https://d2dcan0armyq93.cloudfront.net/photo/odai/600/3f71d1878791cba420931535307ed745_600.jpg,3f71d1878791cba420931535307ed745_600.jpg
じゃじゃ丸  ピッコロ,https://d2dcan0armyq93.cloudfront.net/photo/odai/600/334416b7198fc9593b86e01234d61cd7_600.jpg,334416b7198fc9593b86e01234d61cd7_600.jpg
主人公が危機,https://d2dcan0armyq93.cloudfront.net/photo/odai/600/7132b21a565efc081b9ce344ff1ef274_600.jpg,7132b21a565efc081b9ce344ff1ef274_600.jpg
｢おいっ！カエル乗ってるで？お前の嫌いな。･･･おいっ！｣『・・・』｢あー･･･気絶してるわ｣,https://d2dcan0armyq93.cloudfront.net/photo/odai/600/f37f955305e2aa0923405fc824a526b8_600.jpg,f37f955305e2aa0923405fc824a526b8_600.jpg
事情はわからんが...乗れ！　　急いでいるんだろ？,https://d2dcan0armyq93.cloudfront.net/photo/odai/600/9d011bba846c5dcfdcc407accecd8dd1_600.jpg,9d011bba846c5dcfdcc407accecd8dd1_600.jpg
お互いを復活させ合うタイプのボス,https://d2dcan0armyq93.cloudfront.net/photo/odai/600/57b7de7bb0401bd75d31d12da7bc5547_600.jpg,57b7de7bb0401bd75d31d12da7bc5547_600.jpg
交通量バイト一人しか真面目にやってない,https://d2dcan0armyq93.cloudfront.net/photo/odai/600/73ab1e3fdac21c0cdeb665b9a8ee8296_600.jpg,73ab1e3fdac21c0cdeb665b9a8ee8296_600.jpg
ブラジルの人／そっちは夜だもんね。,https://d2dcan0armyq93.cloudfront.net/photo/odai/600/2fc5385a01b2b3afe3391a57019a99b6_600.jpg,2fc5385a01b2b3afe3391a57019a99b6_600.jpg
『シャンシャン人気は分かるんですが、ぼくタヌキですよ。もしバレたら…。』「完璧だよ！どう見ても飼育員にしか見えないから」,https://d2dcan0armyq93.cloudfront.net/photo/odai/600/bd91f980577e4b1525977721f4173319_600.jpg,bd91f980577e4b1525977721f4173319_600.jpg
人と酔うか一青窈,https://d2dcan0armyq93.cloudfront.net/photo/odai/600/d4723157cab7839f5fd105190a40dae8_600.jpg,d4723157cab7839f5fd105190a40dae8_600.jpg
今では全ての会話を聞き流しています。,https://d2dcan0armyq93.cloudfront.net/photo/odai/600/a4402d9199ee3d4ff78bc3388775155f_600.jpg,a4402d9199ee3d4ff78bc3388775155f_600.jpg
今回のﾐｯｼｮﾝは高難易度だ!危険も伴う!絶対に気を抜くな!必ず帰還するんだぞ!俺達四人で待ってるからな!!,https://d2dcan0armyq93.cloudfront.net/photo/odai/600/41d1e6a41e9a92a9c5338f49c6bdecfd_600.jpg,41d1e6a41e9a92a9c5338f49c6bdecfd_600.jpg
今年もGACKTが完璧に見分けた,https://d2dcan0armyq93.cloudfront.net/photo/odai/600/33505bc54f456d297967c153c45f6f2f_600.jpg,33505bc54f456d297967c153c45f6f2f_600.jpg
今日中に星200K到達しなかったら引退します,https://d2dcan0armyq93.cloudfront.net/photo/odai/600/26130a84439dce80967cdbf62911d1fa_600.jpg,26130a84439dce80967cdbf62911d1fa_600.jpg
はい！  今日はメイク動画という事でね、いきなりスッピンで登場した訳なんですけどぉ,https://d2dcan0armyq93.cloudfront.net/photo/odai/600/cc649a72a739c89bb2bc5555e350fa93_600.jpg,cc649a72a739c89bb2bc5555e350fa93_600.jpg
今日の晩ご飯どうしようかな〜？,https://d2dcan0armyq93.cloudfront.net/photo/odai/600/e588cb0bc41333a60b7bd9ccaed106c0_600.jpg,e588cb0bc41333a60b7bd9ccaed106c0_600.jpg
今晩一緒に過ごさない？,https://d2dcan0armyq93.cloudfront.net/photo/odai/600/d4d192253583093f609e418fd2147803_600.jpg,d4d192253583093f609e418fd2147803_600.jpg
い、今のうちに渡れ！,https://d2dcan0armyq93.cloudfront.net/photo/odai/600/a6f2d445307aeb4dafeabf39c469c25e_600.jpg,a6f2d445307aeb4dafeabf39c469c25e_600.jpg
「今こそ白鉛筆を用無し扱いしてきたガキどもに復讐の時だ」『待てよ、それよりも黒い紙を流行らせる方法を考えようぜ』,https://d2dcan0armyq93.cloudfront.net/photo/odai/600/de4114f4f21d901f96b2461a5c6453aa_600.jpg,de4114f4f21d901f96b2461a5c6453aa_600.jpg
そうねそんなことないわね。今も空気読めてなかったし,https://d2dcan0armyq93.cloudfront.net/photo/odai/600/19b27ad3c680ecd245dcd537800a5609_600.jpg,19b27ad3c680ecd245dcd537800a5609_600.jpg
たった今衝撃のニュースが入ってきました。FAXのインクが切れたようです。,https://d2dcan0armyq93.cloudfront.net/photo/odai/600/b8477558b566206f4d2c86551aaa1063_600.jpg,b8477558b566206f4d2c86551aaa1063_600.jpg
仕上げに好きなアニメの絵を描く,https://d2dcan0armyq93.cloudfront.net/photo/odai/600/6c2affaa4aee6f90871b152b27c89c48_600.jpg,6c2affaa4aee6f90871b152b27c89c48_600.jpg
仰向けの状態で全ての筋肉を使い自宅に帰,https://d2dcan0armyq93.cloudfront.net/photo/odai/600/dc5059388cc37ff10fc2740304df6383_600.jpg,dc5059388cc37ff10fc2740304df6383_600.jpg
休み時間のチャイムが鳴らない日だったが、昨日休んでて知らない田中,https://d2dcan0armyq93.cloudfront.net/photo/odai/600/3f069da2027251d40412a401c2aae3a7_600.jpg,3f069da2027251d40412a401c2aae3a7_600.jpg
会社の豚,https://d2dcan0armyq93.cloudfront.net/photo/odai/600/f56b88097a963e67e7fb84931c1e9181_600.jpg,f56b88097a963e67e7fb84931c1e9181_600.jpg
「クッソー！何で免停中に戦争起きるんだよー!!」,https://d2dcan0armyq93.cloudfront.net/photo/odai/600/1b3e865fae8f21309ac61f72f409d38e_600.jpg,1b3e865fae8f21309ac61f72f409d38e_600.jpg
メガネをかけてみたがターゲットが何度見ても妻,https://d2dcan0armyq93.cloudfront.net/photo/odai/600/dcf88aec64aa96653e49ffb07850f133_600.jpg,dcf88aec64aa96653e49ffb07850f133_600.jpg
「何か戻ってきてない？」,https://d2dcan0armyq93.cloudfront.net/photo/odai/600/996d825be7d6579203a5531985a319e5_600.jpg,996d825be7d6579203a5531985a319e5_600.jpg
ガンダム作るのは簡単よ,https://d2dcan0armyq93.cloudfront.net/photo/odai/600/3a5ceb4ede4d4c766ea41b387b96f1b1_600.jpg,3a5ceb4ede4d4c766ea41b387b96f1b1_600.jpg
例えば私が太っていたとしましょう,https://d2dcan0armyq93.cloudfront.net/photo/odai/600/94b665affab964e017b02817ebd03218_600.jpg,94b665affab964e017b02817ebd03218_600.jpg
アドバルーン係ってこんなに大変なんだ！,https://d2dcan0armyq93.cloudfront.net/photo/odai/600/5cc9d71c1f095a1ddddfe00dc74cc988_600.jpg,5cc9d71c1f095a1ddddfe00dc74cc988_600.jpg
「まだ修理の人来ないのか、もう三時間だぞ！」「店長、マイケルまだいけるそうです」,https://d2dcan0armyq93.cloudfront.net/photo/odai/600/a900c765382c6dc1c27c272bdb30dead_600.jpg,a900c765382c6dc1c27c272bdb30dead_600.jpg
俺も気を付けよう,https://d2dcan0armyq93.cloudfront.net/photo/odai/600/aa8f53f57d9c829f1b2eba374916899c_600.jpg,aa8f53f57d9c829f1b2eba374916899c_600.jpg
俺を求めよ,https://d2dcan0armyq93.cloudfront.net/photo/odai/600/b6e79f7054e3aa6baabdc0aa4dfacf9a_600.jpg,b6e79f7054e3aa6baabdc0aa4dfacf9a_600.jpg
そんな…俺知らんもん…対戦相手吉田沙保里なんて…,https://d2dcan0armyq93.cloudfront.net/photo/odai/600/5a844caac9578a0fa7cda5daff73073d_600.jpg,5a844caac9578a0fa7cda5daff73073d_600.jpg
俺を轢いた運転手がとんでもないことを言い出した,https://d2dcan0armyq93.cloudfront.net/photo/odai/600/01a225485d9079d6ca4d60592b953bd5_600.jpg,01a225485d9079d6ca4d60592b953bd5_600.jpg
アトモスコシ・カイダンアガ・ッテ・タンパンカーイ像,https://d2dcan0armyq93.cloudfront.net/photo/odai/600/1a4a07cd0157c02b155fdadf1a1d24dd_600.jpg,1a4a07cd0157c02b155fdadf1a1d24dd_600.jpg
僕はうどん,https://d2dcan0armyq93.cloudfront.net/photo/odai/600/d5507bdc2a1cc9f938065b47c90c8439_600.jpg,d5507bdc2a1cc9f938065b47c90c8439_600.jpg
僕が交通事故起こしたらしくて振り込まなくちゃいけないらしいんだ,https://d2dcan0armyq93.cloudfront.net/photo/odai/600/07e9590c8e159f06d04a8513b618319a_600.jpg,07e9590c8e159f06d04a8513b618319a_600.jpg
ドラえもん…僕 勉強してお医者さんになるよ…,https://d2dcan0armyq93.cloudfront.net/photo/odai/600/4edc19fda03f599f6cfa927b89d06098_600.jpg,4edc19fda03f599f6cfa927b89d06098_600.jpg
全員OUT,https://d2dcan0armyq93.cloudfront.net/photo/odai/600/99ace96eb0ca28a38d58f960c7269afb_600.jpg,99ace96eb0ca28a38d58f960c7269afb_600.jpg
カバンから出したイヤホン,https://d2dcan0armyq93.cloudfront.net/photo/odai/600/26a464ea64b1a7d8ad431e8b2d06782f_600.jpg,26a464ea64b1a7d8ad431e8b2d06782f_600.jpg
ポケットからカイロ出したらコレだった。,https://d2dcan0armyq93.cloudfront.net/photo/odai/600/9e2f4a3d3fadf1d570ecdd4cf959f817_600.jpg,9e2f4a3d3fadf1d570ecdd4cf959f817_600.jpg
トイレを出る。,https://d2dcan0armyq93.cloudfront.net/photo/odai/600/ebc15d840f5f22192bce90a7da02318b_600.jpg,ebc15d840f5f22192bce90a7da02318b_600.jpg
わたしもスマブラ出たいぃ！,https://d2dcan0armyq93.cloudfront.net/photo/odai/600/f51847aaeadb35bbda74197741215acd_600.jpg,f51847aaeadb35bbda74197741215acd_600.jpg
出木杉ハブって劇場版。,https://d2dcan0armyq93.cloudfront.net/photo/odai/600/af1750aa93f1aabc6c55b5b9cf73a0f7_600.jpg,af1750aa93f1aabc6c55b5b9cf73a0f7_600.jpg
判子かサイン、お願いします。,https://d2dcan0armyq93.cloudfront.net/photo/odai/600/41cb27363751f56b31ec7ac2046a7eac_600.jpg,41cb27363751f56b31ec7ac2046a7eac_600.jpg
別に。,https://d2dcan0armyq93.cloudfront.net/photo/odai/600/5143329a88bc5ba4c1a2e8770b098717_600.jpg,5143329a88bc5ba4c1a2e8770b098717_600.jpg
それはまた別のお歯なし,https://d2dcan0armyq93.cloudfront.net/photo/odai/600/ae9377f4a7bf3a1f55a647c41134a083_600.jpg,ae9377f4a7bf3a1f55a647c41134a083_600.jpg
お前は一族の恥だ,https://d2dcan0armyq93.cloudfront.net/photo/odai/600/8ba551306484de2cd6adcbcc4370c294_600.jpg,8ba551306484de2cd6adcbcc4370c294_600.jpg
「お前を拾ってここまで大きく育ててやったのに、御主人様に向かって何だその態度は！？指をさすなっ！」,https://d2dcan0armyq93.cloudfront.net/photo/odai/600/1d32963459d44b83485c16172c17f737_600.jpg,1d32963459d44b83485c16172c17f737_600.jpg
お前の本当じゃない父さんだよ,https://d2dcan0armyq93.cloudfront.net/photo/odai/600/f081c2d0cf7d3aefa8807bf066af4dd8_600.jpg,f081c2d0cf7d3aefa8807bf066af4dd8_600.jpg
お前ら異常ニトリ,https://d2dcan0armyq93.cloudfront.net/photo/odai/600/4466de14ac31fbd0ee3e7ac4ff4e823c_600.jpg,4466de14ac31fbd0ee3e7ac4ff4e823c_600.jpg
お前のシャーペンの芯、全部抜いてやったぜ,https://d2dcan0armyq93.cloudfront.net/photo/odai/600/f6817f9c702dc47208b72696a5ae1c1b_600.jpg,f6817f9c702dc47208b72696a5ae1c1b_600.jpg
お前ら食ってから言えよ,https://d2dcan0armyq93.cloudfront.net/photo/odai/600/b6eccc1e18ce792a713f46065719a9bb_600.jpg,b6eccc1e18ce792a713f46065719a9bb_600.jpg
割と本気で殴りたい,https://d2dcan0armyq93.cloudfront.net/photo/odai/600/bb398a95c7753438f2ade0e1ea0ac19e_600.jpg,bb398a95c7753438f2ade0e1ea0ac19e_600.jpg
【創作バレエ】リンクの冒険 ・“Bメンヲ セットシテクダサイ”を表現,https://d2dcan0armyq93.cloudfront.net/photo/odai/600/b79a2f7155c6c1bc9216e3517f252e8d_600.jpg,b79a2f7155c6c1bc9216e3517f252e8d_600.jpg
勇気を出してファミマでスマホのボケてマイページを見せれば、Ｔカードに累計星100＝1ポイントに換算してつけてくれる,https://d2dcan0armyq93.cloudfront.net/photo/odai/600/6c1e6f9d823e801a85cfe27529f120fc_600.jpg,6c1e6f9d823e801a85cfe27529f120fc_600.jpg
はじめてサザエに勝った,https://d2dcan0armyq93.cloudfront.net/photo/odai/600/6794794c42609ba3c2e0009e58b5b6ec_600.jpg,6794794c42609ba3c2e0009e58b5b6ec_600.jpg
ドン勝いけるぞ！,https://d2dcan0armyq93.cloudfront.net/photo/odai/600/ec839b014ea36282fbd0c462dfa5a31e_600.jpg,ec839b014ea36282fbd0c462dfa5a31e_600.jpg
北の将軍のお父さん,https://d2dcan0armyq93.cloudfront.net/photo/odai/600/e8cc3ee6b750d77c953a70c75ea10830_600.jpg,e8cc3ee6b750d77c953a70c75ea10830_600.jpg
ついにプリキュア参戦決定！,https://d2dcan0armyq93.cloudfront.net/photo/odai/600/21afed776fd77cc16949688963d101a7_600.jpg,21afed776fd77cc16949688963d101a7_600.jpg
友人を裏切ってしまった時   このポーズで許しを問いましょう,https://d2dcan0armyq93.cloudfront.net/photo/odai/600/f3dfc2d252610bf6d551473ec9cadfc2_600.jpg,f3dfc2d252610bf6d551473ec9cadfc2_600.jpg
パワーポイントが反発しだした,https://d2dcan0armyq93.cloudfront.net/photo/odai/600/f6ac2bfab367d65c8b052e2e64e7d915_600.jpg,f6ac2bfab367d65c8b052e2e64e7d915_600.jpg
もぎ取ったガチャピンのイボと ほどいたムック,https://d2dcan0armyq93.cloudfront.net/photo/odai/600/034ba164d3740df528a3fbee60477cb9_600.jpg,034ba164d3740df528a3fbee60477cb9_600.jpg
お口クチュクチュ/モンダミ/モンダミ/モンダミ,https://d2dcan0armyq93.cloudfront.net/photo/odai/600/5543f2a5f749058c22f819b3ba311783_600.jpg,5543f2a5f749058c22f819b3ba311783_600.jpg
吉田沙保里をバカにした人の最期の瞬間,https://d2dcan0armyq93.cloudfront.net/photo/odai/600/63bee88af7a492c6a70a9a7d9a3c624d_600.jpg,63bee88af7a492c6a70a9a7d9a3c624d_600.jpg
吉田沙保里の名前を書いたらデスノートから返信が来た,https://d2dcan0armyq93.cloudfront.net/photo/odai/600/ce85c87fdbc4c9128b298ef1ce943cbd_600.jpg,ce85c87fdbc4c9128b298ef1ce943cbd_600.jpg
同じの持ってるやつ見つけたからちょっと借りる,https://d2dcan0armyq93.cloudfront.net/photo/odai/600/3daa7bbca47a0465abc87895d7b7f1b2_600.jpg,3daa7bbca47a0465abc87895d7b7f1b2_600.jpg
名探偵ココドコナン,https://d2dcan0armyq93.cloudfront.net/photo/odai/600/640ee962ea568f98342f0647517099b7_600.jpg,640ee962ea568f98342f0647517099b7_600.jpg
シンジ君、あなたはこれに乗るのよ,https://d2dcan0armyq93.cloudfront.net/photo/odai/600/c3c156d73cd57d4884f9d4c823e2e37e_600.jpg,c3c156d73cd57d4884f9d4c823e2e37e_600.jpg
君には点をもらう四角がないようだな。,https://d2dcan0armyq93.cloudfront.net/photo/odai/600/2e177a47898d388e0da92901599c2f88_600.jpg,2e177a47898d388e0da92901599c2f88_600.jpg
え？呼んでない？,https://d2dcan0armyq93.cloudfront.net/photo/odai/600/e549db05719f7e3552d4ea692703f225_600.jpg,e549db05719f7e3552d4ea692703f225_600.jpg
和/玉ねぎ/これオイ/シャンパン/いきなり/洗顔クリーム,https://d2dcan0armyq93.cloudfront.net/photo/odai/600/ee50ee8996ad4f9a1327cb53ef4a9034_600.jpg,ee50ee8996ad4f9a1327cb53ef4a9034_600.jpg
これが噂にきく、ホームラン打てたり、いい歌つくれたりする薬か！,https://d2dcan0armyq93.cloudfront.net/photo/odai/600/7bc648a0ca3e3292fcce9e5f6ac414e6_600.jpg,7bc648a0ca3e3292fcce9e5f6ac414e6_600.jpg
四十肩でこれ以上肩を上げられないのでワインが飲めない,https://d2dcan0armyq93.cloudfront.net/photo/odai/600/71263c4242b45c4c8051c779ba761c91_600.jpg,71263c4242b45c4c8051c779ba761c91_600.jpg
四国がぼうそうした。,https://d2dcan0armyq93.cloudfront.net/photo/odai/600/5b8030c4d9cefe493584b3ebfff93c56_600.jpg,5b8030c4d9cefe493584b3ebfff93c56_600.jpg
固定して以降動かないが抵抗する工程を古典的なてこの原理でこってこてにやっていこう,https://d2dcan0armyq93.cloudfront.net/photo/odai/600/74be3ab309d2805bf533b41a74c5d697_600.jpg,74be3ab309d2805bf533b41a74c5d697_600.jpg
まだ園児たちがリンゴにペンを刺してる途中でしょうが！,https://d2dcan0armyq93.cloudfront.net/photo/odai/600/d86095effe12755387e0d645b5757e70_600.jpg,d86095effe12755387e0d645b5757e70_600.jpg
すべる場所,https://d2dcan0armyq93.cloudfront.net/photo/odai/600/9cac9707c8d36d9b9f6385fea5f3c35b_600.jpg,9cac9707c8d36d9b9f6385fea5f3c35b_600.jpg
もやしジュース売れ残りました･･･,https://d2dcan0armyq93.cloudfront.net/photo/odai/600/a51eba56d2f2b3a3ab9bdbc224f5dac1_600.jpg,a51eba56d2f2b3a3ab9bdbc224f5dac1_600.jpg
ティッシュ多い部屋だな,https://d2dcan0armyq93.cloudfront.net/photo/odai/600/299723e3b5ae6ffdf3f85907c07a5547_600.jpg,299723e3b5ae6ffdf3f85907c07a5547_600.jpg
た夢を見て場所取りしてたら、解雇されてたとです,https://d2dcan0armyq93.cloudfront.net/photo/odai/600/15f803b2083a9409f06621c80e09c07a_600.jpg,15f803b2083a9409f06621c80e09c07a_600.jpg
ここ大事なとこだからテストでるよ,https://d2dcan0armyq93.cloudfront.net/photo/odai/600/ea86bfcc06f1e297915f5e1b7a6a0054_600.jpg,ea86bfcc06f1e297915f5e1b7a6a0054_600.jpg
大気圏突入します！,https://d2dcan0armyq93.cloudfront.net/photo/odai/600/5762d7865faa20ef2f7978c24fc90a24_600.jpg,5762d7865faa20ef2f7978c24fc90a24_600.jpg
天井に挟まったボールをダンクシュートが得意なマイケルが飛んで取りに行ったがマイケルも挟まった,https://d2dcan0armyq93.cloudfront.net/photo/odai/600/2c473725ad9a5f90bb6170e8db4f2bf9_600.jpg,2c473725ad9a5f90bb6170e8db4f2bf9_600.jpg
はい、はい、そうやって太陽系の惑星じゃない僕をバカにしてるんですね、はい、月曜日ドーン！,https://d2dcan0armyq93.cloudfront.net/photo/odai/600/dc91816ea5d10b34013f90e2dd2b4f16_600.jpg,dc91816ea5d10b34013f90e2dd2b4f16_600.jpg
夫婦喧嘩の書記担当,https://d2dcan0armyq93.cloudfront.net/photo/odai/600/c74d3d7100f9e77e73c2193c2b8727d0_600.jpg,c74d3d7100f9e77e73c2193c2b8727d0_600.jpg
女「船頭って多いほうが良いのかと思ってた」男「俺もだ」,https://d2dcan0armyq93.cloudfront.net/photo/odai/600/93efc2d1122c303747928246e812ac8d_600.jpg,93efc2d1122c303747928246e812ac8d_600.jpg
てめぇか？サンタさんがいねぇとかフカしてる奴は,https://d2dcan0armyq93.cloudfront.net/photo/odai/600/47f130659974bffab5c544b9d9bfbe9d_600.jpg,47f130659974bffab5c544b9d9bfbe9d_600.jpg
妹「お母さん今お兄ちゃんの部屋片付けてるよ」,https://d2dcan0armyq93.cloudfront.net/photo/odai/600/40129d716feb894b8bb7e8050c3e8318_600.jpg,40129d716feb894b8bb7e8050c3e8318_600.jpg
娘が遊んだあとの人形。,https://d2dcan0armyq93.cloudfront.net/photo/odai/600/b79a2f7155c6c1bc9216e3517f252e8d_600.jpg,b79a2f7155c6c1bc9216e3517f252e8d_600.jpg
嫁もろたな晋ちゃん,https://d2dcan0armyq93.cloudfront.net/photo/odai/600/940e88a8a742bf0d7041f1686f617817_600.jpg,940e88a8a742bf0d7041f1686f617817_600.jpg
嫁を選ぶ時は慎重にな！,https://d2dcan0armyq93.cloudfront.net/photo/odai/600/579575226876d6e54794a31d28b00fe0_600.jpg,579575226876d6e54794a31d28b00fe0_600.jpg
それよりこの子博多から転校してきた阿保田ばかみって言うの！ばかみ自己紹介して,https://d2dcan0armyq93.cloudfront.net/photo/odai/600/f6f281e58d2b6ef9d9917ee70e684e47_600.jpg,f6f281e58d2b6ef9d9917ee70e684e47_600.jpg
「この子は、あなたみたいにならない様に育てますわ。」「他人のワシに、キッツイわ。」,https://d2dcan0armyq93.cloudfront.net/photo/odai/600/3705ee533a57515b1ac6d27ced0a05f2_600.jpg,3705ee533a57515b1ac6d27ced0a05f2_600.jpg
はしゃぎすぎて学芸会の出番前に折れた,https://d2dcan0armyq93.cloudfront.net/photo/odai/600/065b8b1129c4ec6271410ba23fbc3dcd_600.jpg,065b8b1129c4ec6271410ba23fbc3dcd_600.jpg
宇宙戦争が始まり、地球の存続を託された若者たちの葛藤と活躍を描いた作品の最後が「ちゃんと野菜を食べよう」というオチだった,https://d2dcan0armyq93.cloudfront.net/photo/odai/600/14535c569565be60c223ec0d81da5295_600.jpg,14535c569565be60c223ec0d81da5295_600.jpg
安心してください履いてますよ！,https://d2dcan0armyq93.cloudfront.net/photo/odai/600/ebcb4b76f422b6b5692d50cd54c8e6ec_600.jpg,ebcb4b76f422b6b5692d50cd54c8e6ec_600.jpg
宗教法人なんで節税が出来,https://d2dcan0armyq93.cloudfront.net/photo/odai/600/0ace2fb2e4e16ad715bf70599e0546ac_600.jpg,0ace2fb2e4e16ad715bf70599e0546ac_600.jpg
ん宣告,https://d2dcan0armyq93.cloudfront.net/photo/odai/600/b16a3ba1826345d52268aff73b8c05e9_600.jpg,b16a3ba1826345d52268aff73b8c05e9_600.jpg
（この家にずっと住んでいるが、ワシは誰じゃ？）,https://d2dcan0armyq93.cloudfront.net/photo/odai/600/474427ae1b9b0f439d0dc79bb1e9977b_600.jpg,474427ae1b9b0f439d0dc79bb1e9977b_600.jpg
宿舎がわからん！！,https://d2dcan0armyq93.cloudfront.net/photo/odai/600/8c10fbade2558b40121390d609127735_600.jpg,8c10fbade2558b40121390d609127735_600.jpg
審判似の保護者が間近で観戦してくる,https://d2dcan0armyq93.cloudfront.net/photo/odai/600/bbbadd045a210ef626fe8f456c39c96e_600.jpg,bbbadd045a210ef626fe8f456c39c96e_600.jpg
「あいつ審判のことお母さんって呼んでたぜww」,https://d2dcan0armyq93.cloudfront.net/photo/odai/600/a1f0cfe6445abd5ce6cc53e31131b18a_600.jpg,a1f0cfe6445abd5ce6cc53e31131b18a_600.jpg
なにこの寸劇しょうもな,https://d2dcan0armyq93.cloudfront.net/photo/odai/600/0558280a3f3bd6bc2d118192359f7533_600.jpg,0558280a3f3bd6bc2d118192359f7533_600.jpg
クレーム対応,https://d2dcan0armyq93.cloudfront.net/photo/odai/600/ed8727a1758af545a142200becefb8f6_600.jpg,ed8727a1758af545a142200becefb8f6_600.jpg
すみません、屁,https://d2dcan0armyq93.cloudfront.net/photo/odai/600/22ea4ed73411323c074e67fe928f046f_600.jpg,22ea4ed73411323c074e67fe928f046f_600.jpg
ミ屋敷処理班,https://d2dcan0armyq93.cloudfront.net/photo/odai/600/717a010f44d6d7862e347a460435a4d3_600.jpg,717a010f44d6d7862e347a460435a4d3_600.jpg
きのこの山 本部,https://d2dcan0armyq93.cloudfront.net/photo/odai/600/ec2f12ed90e138cd5369507eb13a28eb_600.jpg,ec2f12ed90e138cd5369507eb13a28eb_600.jpg
工事してただけなのに『よく来てくれたな助っ人！』とケーブルTVで野球を生中継され不法滞在がバレたので、逆に助けてほしい,https://d2dcan0armyq93.cloudfront.net/photo/odai/600/d1b1001bcd0ce2fe32de5ab3d97d0a7d_600.jpg,d1b1001bcd0ce2fe32de5ab3d97d0a7d_600.jpg
フードコートで席がない,https://d2dcan0armyq93.cloudfront.net/photo/odai/600/1fb954a63a66efa4b67cace6f4e358e1_600.jpg,1fb954a63a66efa4b67cace6f4e358e1_600.jpg
そろそろ帰らせて／もう食べられないんでホント帰らせて,https://d2dcan0armyq93.cloudfront.net/photo/odai/600/7216617c539243fb7f82d9103a3f534f_600.jpg,7216617c539243fb7f82d9103a3f534f_600.jpg
帽子とられた,https://d2dcan0armyq93.cloudfront.net/photo/odai/600/06fcb4db6c02de8b686c3b3392d0d13f_600.jpg,06fcb4db6c02de8b686c3b3392d0d13f_600.jpg
幼稚園 ＂児＂ な。,https://d2dcan0armyq93.cloudfront.net/photo/odai/600/af94fbeb0af599aa93755bef6aae71bd_600.jpg,af94fbeb0af599aa93755bef6aae71bd_600.jpg
床オナテクノブレイクのび太！！,https://d2dcan0armyq93.cloudfront.net/photo/odai/600/542817b1b1703706cd0f2698037366e5_600.jpg,542817b1b1703706cd0f2698037366e5_600.jpg
この店…2時間も並んだ割には…と思った時の脳内,https://d2dcan0armyq93.cloudfront.net/photo/odai/600/607ef468ab2623ec4f73ff66b031363c_600.jpg,607ef468ab2623ec4f73ff66b031363c_600.jpg
店員「妻の手料理の味もわからないなんてね。」客「何っ？」店員「（べりべりべり）私よ！」客「何ぃぃぃ！」,https://d2dcan0armyq93.cloudfront.net/photo/odai/600/42175b35ca43383e230bc0b21ca28954_600.jpg,42175b35ca43383e230bc0b21ca28954_600.jpg
廊下立ち耐久レースで圧倒的な経験の差を見せつける,https://d2dcan0armyq93.cloudfront.net/photo/odai/600/c0e976c37215da2e7d46dc9f6ca5bcc0_600.jpg,c0e976c37215da2e7d46dc9f6ca5bcc0_600.jpg
弁護士「それでは亡くなられたおじいさまの御遺言を開封いたします。」,https://d2dcan0armyq93.cloudfront.net/photo/odai/600/365a0ec962ed8daaaa65072d56b83c55_600.jpg,365a0ec962ed8daaaa65072d56b83c55_600.jpg
っき引いた奴,https://d2dcan0armyq93.cloudfront.net/photo/odai/600/6220197884c1ba239239b48b2c34b427_600.jpg,6220197884c1ba239239b48b2c34b427_600.jpg
彼女が「今日のラッキーカラーは赤だから全身赤い服でいくね！」と言っていたが、あれがそうなのかどうか判断できない,https://d2dcan0armyq93.cloudfront.net/photo/odai/600/bf4e3408530ab64e6003399acf561964_600.jpg,bf4e3408530ab64e6003399acf561964_600.jpg
彼は授業を途中で投げ出して友達と約束していたパチ⭐︎ンコ屋に出かけていっ,https://d2dcan0armyq93.cloudfront.net/photo/odai/600/c1a6f7f6e96effd7421861c7098c99a4_600.jpg,c1a6f7f6e96effd7421861c7098c99a4_600.jpg
クリスマスに彼氏にもらった結婚指輪が気になって仕方がない中の人,https://d2dcan0armyq93.cloudfront.net/photo/odai/600/9b9ac70973b833b04ff6be947c33447b_600.jpg,9b9ac70973b833b04ff6be947c33447b_600.jpg
アイちゃん、待ち合わせ場所ついたけど誰もいないよ？,https://d2dcan0armyq93.cloudfront.net/photo/odai/600/c637340493bcf419d30dc7713898a98e_600.jpg,c637340493bcf419d30dc7713898a98e_600.jpg
待たない。打つの。,https://d2dcan0armyq93.cloudfront.net/photo/odai/600/9edf899134935960aa9557802bcdd8ac_600.jpg,9edf899134935960aa9557802bcdd8ac_600.jpg
と、思うじゃん？,https://d2dcan0armyq93.cloudfront.net/photo/odai/600/ee699df6e8f9ae7a6f51b6f894617dd3_600.jpg,ee699df6e8f9ae7a6f51b6f894617dd3_600.jpg
思い出し笑い,https://d2dcan0armyq93.cloudfront.net/photo/odai/600/bbbadd045a210ef626fe8f456c39c96e_600.jpg,bbbadd045a210ef626fe8f456c39c96e_600.jpg
息子（4）の人形遊びがマジで心配,https://d2dcan0armyq93.cloudfront.net/photo/odai/600/6ab5f6c96a8f6f6d7571d9c66f6fa71a_600.jpg,6ab5f6c96a8f6f6d7571d9c66f6fa71a_600.jpg
意識他界系男子,https://d2dcan0armyq93.cloudfront.net/photo/odai/600/d639d61178a602b0ade346ff4e4d04d0_600.jpg,d639d61178a602b0ade346ff4e4d04d0_600.jpg
「愛してる!!」『こっちのセリフだ!!』,https://d2dcan0armyq93.cloudfront.net/photo/odai/600/aa6841b4c01619569bf38e3d4cf6e53e_600.jpg,aa6841b4c01619569bf38e3d4cf6e53e_600.jpg
愛と勇気が付き合ってた,https://d2dcan0armyq93.cloudfront.net/photo/odai/600/122e7d665a9c4c31a967dc6745c6b4fe_600.jpg,122e7d665a9c4c31a967dc6745c6b4fe_600.jpg
愛してるの響きだけで強く,https://d2dcan0armyq93.cloudfront.net/photo/odai/600/edc60cc6ac84e39ba4098828d07f69d7_600.jpg,edc60cc6ac84e39ba4098828d07f69d7_600.jpg
ムキ懲役,https://d2dcan0armyq93.cloudfront.net/photo/odai/600/fbea4b81b68fcc3c8b06388140bb03f8_600.jpg,fbea4b81b68fcc3c8b06388140bb03f8_600.jpg
成績学年1位の太郎君の初めてのケンカ 「や〜んのか〜」,https://d2dcan0armyq93.cloudfront.net/photo/odai/600/43907dbd3c222b2e7b98d84434ee38cc_600.jpg,43907dbd3c222b2e7b98d84434ee38cc_600.jpg
♪手のひらを太陽に〜透かして見れば〜♪,https://d2dcan0armyq93.cloudfront.net/photo/odai/600/f3dfc2d252610bf6d551473ec9cadfc2_600.jpg,f3dfc2d252610bf6d551473ec9cadfc2_600.jpg
手錠かけられたまま警察が休憩にはいった,https://d2dcan0armyq93.cloudfront.net/photo/odai/600/bbbadd045a210ef626fe8f456c39c96e_600.jpg,bbbadd045a210ef626fe8f456c39c96e_600.jpg
打ちますねぇ,https://d2dcan0armyq93.cloudfront.net/photo/odai/600/80b7cbaab143f74dba5b454ccf2d3102_600.jpg,80b7cbaab143f74dba5b454ccf2d3102_600.jpg
「「打ちにくいね」」,https://d2dcan0armyq93.cloudfront.net/photo/odai/600/f0c20a2c7276f35f68dc5b3b28a0f3c9_600.jpg,f0c20a2c7276f35f68dc5b3b28a0f3c9_600.jpg
抽選,https://d2dcan0armyq93.cloudfront.net/photo/odai/600/ae9431b77e96c17f724a566e4788b3a9_600.jpg,ae9431b77e96c17f724a566e4788b3a9_600.jpg
カツオブシ拾った！カツオブシ拾った！,https://d2dcan0armyq93.cloudfront.net/photo/odai/600/78aac88ecd56ecc592e26a325f052e24_600.jpg,78aac88ecd56ecc592e26a325f052e24_600.jpg
「ボスからの指令、しくじったようだね。ジン…」「よ、養命酒…！？」,https://d2dcan0armyq93.cloudfront.net/photo/odai/600/7dead701b5eea8272b794d507716ed3e_600.jpg,7dead701b5eea8272b794d507716ed3e_600.jpg
探偵事務所の尾行が下手,https://d2dcan0armyq93.cloudfront.net/photo/odai/600/4e09c34143bc5cb01ee032b66d8e1416_600.jpg,4e09c34143bc5cb01ee032b66d8e1416_600.jpg
ピノキオ改,https://d2dcan0armyq93.cloudfront.net/photo/odai/600/c62a7c41dffc5d3c8296f0542d79b24b_600.jpg,c62a7c41dffc5d3c8296f0542d79b24b_600.jpg
放送禁止用語ばかりで、内容がわからない！,https://d2dcan0armyq93.cloudfront.net/photo/odai/600/31ca6b76aed68c2ba8a812ed6c411fb5_600.jpg,31ca6b76aed68c2ba8a812ed6c411fb5_600.jpg
散髪どないなってんねん,https://d2dcan0armyq93.cloudfront.net/photo/odai/600/6a860dbd16ca32734238725c64fb69f1_600.jpg,6a860dbd16ca32734238725c64fb69f1_600.jpg
敵軍だった,https://d2dcan0armyq93.cloudfront.net/photo/odai/600/055c6f65d572b4da1b36a4ca17f272e0_600.jpg,055c6f65d572b4da1b36a4ca17f272e0_600.jpg
新しい後輩のコードネーム「アサヒスーパードライ」がじわじわ来る,https://d2dcan0armyq93.cloudfront.net/photo/odai/600/7e8f1c84f0f8064c89f50a62d890616d_600.jpg,7e8f1c84f0f8064c89f50a62d890616d_600.jpg
「あなた方には我が国の飢えに苦しむ人々の気持ちなんてわからないでしょうね」,https://d2dcan0armyq93.cloudfront.net/photo/odai/600/0cb99a0fed86d6197fff191afedb0e54_600.jpg,0cb99a0fed86d6197fff191afedb0e54_600.jpg
「日韓米にあっかんべー!」な、面白いだろ？明日処されるからってくよくよしてないで今日は笑お？,https://d2dcan0armyq93.cloudfront.net/photo/odai/600/e9adc3c5816ab6fb76da633f5da9a6f5_600.jpg,e9adc3c5816ab6fb76da633f5da9a6f5_600.jpg
早くスタバ出来ないかなぁ,https://d2dcan0armyq93.cloudfront.net/photo/odai/600/cf02db9f3aa375cd8fb2e96682d83110_600.jpg,cf02db9f3aa375cd8fb2e96682d83110_600.jpg
インスタ映えする,https://d2dcan0armyq93.cloudfront.net/photo/odai/600/d01eacd619c271190c417eea213aca0b_600.jpg,d01eacd619c271190c417eea213aca0b_600.jpg
それ昨日も聞いたよ？,https://d2dcan0armyq93.cloudfront.net/photo/odai/600/3286a94ec00fc78bb982289796beb443_600.jpg,3286a94ec00fc78bb982289796beb443_600.jpg
イチャイチャしてる時に親が来た,https://d2dcan0armyq93.cloudfront.net/photo/odai/600/87baa17722a8e13a4341e0d3e0e87f89_600.jpg,87baa17722a8e13a4341e0d3e0e87f89_600.jpg
晩飯キタ━─━─━ッ♪,https://d2dcan0armyq93.cloudfront.net/photo/odai/600/bb79c68e4fac8a7742757b8111711422_600.jpg,bb79c68e4fac8a7742757b8111711422_600.jpg
普段からそれ付けてろよ,https://d2dcan0armyq93.cloudfront.net/photo/odai/600/346d5c1aed24bc1f0e1d04a2383d3aac_600.jpg,346d5c1aed24bc1f0e1d04a2383d3aac_600.jpg
クレーンゲームは景品ではありません,https://d2dcan0armyq93.cloudfront.net/photo/odai/600/a6bbd5d3e391bd7c8faa5b5929a88c2b_600.jpg,a6bbd5d3e391bd7c8faa5b5929a88c2b_600.jpg
暴力を振るってはいけません,https://d2dcan0armyq93.cloudfront.net/photo/odai/600/3d4be8ee8257b22bab014d1d4512986d_600.jpg,3d4be8ee8257b22bab014d1d4512986d_600.jpg
デビュー曲「熱帯雨林」,https://d2dcan0armyq93.cloudfront.net/photo/odai/600/4ce63353cb9d19b3416f1beb532469c2_600.jpg,4ce63353cb9d19b3416f1beb532469c2_600.jpg
「最近ヒヤッとしてないからさせてくれ」『昨日お前の嫁が若い男とホテル街から出てこなかったぜ』「ふへへ、ヒヤッとしたぜ」,https://d2dcan0armyq93.cloudfront.net/photo/odai/600/49209dfd32d2148ab7e1557fafd5b52f_600.jpg,49209dfd32d2148ab7e1557fafd5b52f_600.jpg
最近みなさんの間で流行っている３分あったら地球で何が出来るのか？と言う動画をYouTubeに上げるのは止めてください。,https://d2dcan0armyq93.cloudfront.net/photo/odai/600/3d4be8ee8257b22bab014d1d4512986d_600.jpg,3d4be8ee8257b22bab014d1d4512986d_600.jpg
月日が経ち、廃校になり、校舎跡が国道になってもまだ給食のピーマンが食べきれない,https://d2dcan0armyq93.cloudfront.net/photo/odai/600/e7d4fae12c2b0b2739ff931612eb4c70_600.jpg,e7d4fae12c2b0b2739ff931612eb4c70_600.jpg
有料じゃ,https://d2dcan0armyq93.cloudfront.net/photo/odai/600/d574eadb26ec44e28f99ff44a0ef448f_600.jpg,d574eadb26ec44e28f99ff44a0ef448f_600.jpg
さっきからチームの服を着た全く知らない黒人に追われ、怖くて笑けてくる,https://d2dcan0armyq93.cloudfront.net/photo/odai/600/3346d0ad2643695f05dbd1eda9eb9270_600.jpg,3346d0ad2643695f05dbd1eda9eb9270_600.jpg
服装自由って言ってたじゃん！！！！,https://d2dcan0armyq93.cloudfront.net/photo/odai/600/8d17b74a1e1884cb337dd42678f57b40_600.jpg,8d17b74a1e1884cb337dd42678f57b40_600.jpg
木魚がキー上げてきた,https://d2dcan0armyq93.cloudfront.net/photo/odai/600/67481804280e49a204add17148d7ec7d_600.jpg,67481804280e49a204add17148d7ec7d_600.jpg
来い！鼻セレブの時間だ！,https://d2dcan0armyq93.cloudfront.net/photo/odai/600/f0c858324cd09c4e105d505192fc3346_600.jpg,f0c858324cd09c4e105d505192fc3346_600.jpg
東京の名を語る事に罪悪感を全く感じてない…,https://d2dcan0armyq93.cloudfront.net/photo/odai/600/cc230b37f6f2650adac085d6d75ddadd_600.jpg,cc230b37f6f2650adac085d6d75ddadd_600.jpg
松葉/に,https://d2dcan0armyq93.cloudfront.net/photo/odai/600/de3010169fab337a74e3e90bb7701c46_600.jpg,de3010169fab337a74e3e90bb7701c46_600.jpg
果物甘煮おじさん｢洋風饅頭包餡男の危機だ！｣　牛乳発酵錬り子さん｢洋風饅頭包餡男、新しい顔よ！｣　牛乳発酵犬｢餡！餡！｣,https://d2dcan0armyq93.cloudfront.net/photo/odai/600/5e281d07c8e47de96244057f12b7ba96_600.jpg,5e281d07c8e47de96244057f12b7ba96_600.jpg
桃太郎「(ﾎﾟﾛｯ)みっ、みっっ、水ぅぅうー！！」(完),https://d2dcan0armyq93.cloudfront.net/photo/odai/600/686b6621f63ca069494665b3410a0838_600.jpg,686b6621f63ca069494665b3410a0838_600.jpg
ヤバイヤバイ、棒忘れたよ。絶対飛べないよこれ,https://d2dcan0armyq93.cloudfront.net/photo/odai/600/11f3a4f9a1c58edd7e4a7848d7c4dfb0_600.jpg,11f3a4f9a1c58edd7e4a7848d7c4dfb0_600.jpg
森友ではなく～いいともにすれば良かったかな？,https://d2dcan0armyq93.cloudfront.net/photo/odai/600/7e186844b703a091a549926dbe2a4a71_600.jpg,7e186844b703a091a549926dbe2a4a71_600.jpg
構ええええ！！,https://d2dcan0armyq93.cloudfront.net/photo/odai/600/6f7cf876fa33b54bf8bcddbb94e6fc3e_600.jpg,6f7cf876fa33b54bf8bcddbb94e6fc3e_600.jpg
次のコマで言うね,https://d2dcan0armyq93.cloudfront.net/photo/odai/600/c8e0acb62ffe517f3ba9ba367645c0ea_600.jpg,c8e0acb62ffe517f3ba9ba367645c0ea_600.jpg
止まるんじゃねぇぞ…。,https://d2dcan0armyq93.cloudfront.net/photo/odai/600/85a39d70cde31a93ed0187d5ac411edc_600.jpg,85a39d70cde31a93ed0187d5ac411edc_600.jpg
「止まれ」の赤と「渡れ」の青がシンクロして「踊れ」の紫になる,https://d2dcan0armyq93.cloudfront.net/photo/odai/600/a66ea3c3a07c66ac7f71b330c0d45ceb_600.jpg,a66ea3c3a07c66ac7f71b330c0d45ceb_600.jpg
死刑でいい,https://d2dcan0armyq93.cloudfront.net/photo/odai/600/119bdd6d18579e2ddcc06545871fad12_600.jpg,119bdd6d18579e2ddcc06545871fad12_600.jpg
残高が増えてる/長生きしろ,https://d2dcan0armyq93.cloudfront.net/photo/odai/600/dc233eb1e8f4061f226517f77a7ce037_600.jpg,dc233eb1e8f4061f226517f77a7ce037_600.jpg
（どうしよう…マジでカーネル殺っちまった…）,https://d2dcan0armyq93.cloudfront.net/photo/odai/600/a5cfb6221f1bb3c1493c4d3cc05f30dc_600.jpg,a5cfb6221f1bb3c1493c4d3cc05f30dc_600.jpg
「ひでーな母さん！俺の名前はタワシじゃなくてタケシだよ！」と言いつつも自分の名前がボブだったことに気付き爆笑するマイケル,https://d2dcan0armyq93.cloudfront.net/photo/odai/600/b7f9e012db0feb149d4dad335b7ef56c_600.jpg,b7f9e012db0feb149d4dad335b7ef56c_600.jpg
母ちゃんプロやから、こんくらいのホツレ脱がんでも縫えるんや,https://d2dcan0armyq93.cloudfront.net/photo/odai/600/71b6807a96f5621d2ab242a44cdf7950_600.jpg,71b6807a96f5621d2ab242a44cdf7950_600.jpg
この毒薬を使えば証拠も残らず検出もされな…おっともったいない、ペロペロッ,https://d2dcan0armyq93.cloudfront.net/photo/odai/600/7bc648a0ca3e3292fcce9e5f6ac414e6_600.jpg,7bc648a0ca3e3292fcce9e5f6ac414e6_600.jpg
毛のカット,https://d2dcan0armyq93.cloudfront.net/photo/odai/600/c73b78df1cebdb767c3158bfd5854110_600.jpg,c73b78df1cebdb767c3158bfd5854110_600.jpg
アンチなんか気にしてた俺がバカだった…。前向きに行こう。そう、止まるんじゃねぇぞ…。,https://d2dcan0armyq93.cloudfront.net/photo/odai/600/628d861ea084384dcb3727d7c9f8df48_600.jpg,628d861ea084384dcb3727d7c9f8df48_600.jpg
泣かないで！しまうから！これしまうから！,https://d2dcan0armyq93.cloudfront.net/photo/odai/400/71fc9bb5bba4b702b684656422fa7c97_400.jpg,71fc9bb5bba4b702b684656422fa7c97_400.jpg
♪デデ〜ン 浜田ぁ～松本ぉ～方正～遠藤～田中～全員OUT!!,https://d2dcan0armyq93.cloudfront.net/photo/odai/600/a1ce0713ab9fb9fe3bb81a4579a33f93_600.jpg,a1ce0713ab9fb9fe3bb81a4579a33f93_600.jpg
清原和博→清原和博,https://d2dcan0armyq93.cloudfront.net/photo/odai/600/757969b0b2187bee18e4cc89d7899028_600.jpg,757969b0b2187bee18e4cc89d7899028_600.jpg
温度差,https://d2dcan0armyq93.cloudfront.net/photo/odai/600/c911fabede4cd53812bee7ea621e5563_600.jpg,c911fabede4cd53812bee7ea621e5563_600.jpg
渾身のボケがダダ滑りした,https://d2dcan0armyq93.cloudfront.net/photo/odai/600/1b226fd380398d447a743691570f4c5e_600.jpg,1b226fd380398d447a743691570f4c5e_600.jpg
満員電車で刺激／求めてい,https://d2dcan0armyq93.cloudfront.net/photo/odai/600/1bb039dcd828efc668e3cf46f468aa12_600.jpg,1bb039dcd828efc668e3cf46f468aa12_600.jpg
｢ああダメダメ そんな溶岩だらけのステージだと維持費が莫大になるから経費おりないよ｣,https://d2dcan0armyq93.cloudfront.net/photo/odai/600/0867a11c2348a0b8378550c79b5ebe1e_600.jpg,0867a11c2348a0b8378550c79b5ebe1e_600.jpg
漢字書き取りテスト中、壁に書いてあった答えを見つけた,https://d2dcan0armyq93.cloudfront.net/photo/odai/600/c72dd4fc07e4b8503f6e9101843d661d_600.jpg,c72dd4fc07e4b8503f6e9101843d661d_600.jpg
漬け物にしたら美味しいのが白菜,https://d2dcan0armyq93.cloudfront.net/photo/odai/600/88e0eded5f6777f1d1cad48b76a56516_600.jpg,88e0eded5f6777f1d1cad48b76a56516_600.jpg
点数がマイナスに突入,https://d2dcan0armyq93.cloudfront.net/photo/odai/600/af02a48e8a03b1bfd6e93c7afc7b5707_600.jpg,af02a48e8a03b1bfd6e93c7afc7b5707_600.jpg
「ワタシの為に争わないで！」って言ってる女の本心,https://d2dcan0armyq93.cloudfront.net/photo/odai/600/5c5c7650ba269a64568076152c5f9fcb_600.jpg,5c5c7650ba269a64568076152c5f9fcb_600.jpg
えぇ、無期無期です,https://d2dcan0armyq93.cloudfront.net/photo/odai/600/fbea4b81b68fcc3c8b06388140bb03f8_600.jpg,fbea4b81b68fcc3c8b06388140bb03f8_600.jpg
お父さん。どうせ別れんだから。,https://d2dcan0armyq93.cloudfront.net/photo/odai/600/a9ee599efd625e193b042bafb74e72f7_600.jpg,a9ee599efd625e193b042bafb74e72f7_600.jpg
爺ちゃんが本日55回目の「タマや、腹減ったろう」っていいながらカリカリ出してきた,https://d2dcan0armyq93.cloudfront.net/photo/odai/600/5a1ea8e6bdb108546080b60c2e73b27d_600.jpg,5a1ea8e6bdb108546080b60c2e73b27d_600.jpg
「ターゲットの特徴は？」/「迷彩柄の帽子を被った白人です。」,https://d2dcan0armyq93.cloudfront.net/photo/odai/600/ec839b014ea36282fbd0c462dfa5a31e_600.jpg,ec839b014ea36282fbd0c462dfa5a31e_600.jpg
特にキスがリアルで…ポッキー落としましたわ…,https://d2dcan0armyq93.cloudfront.net/photo/odai/600/75b9e9da4a70526bedb604b7fe65b234_600.jpg,75b9e9da4a70526bedb604b7fe65b234_600.jpg
こたつをしまった理由を聞こう,https://d2dcan0armyq93.cloudfront.net/photo/odai/600/a9ee599efd625e193b042bafb74e72f7_600.jpg,a9ee599efd625e193b042bafb74e72f7_600.jpg
のびちゃんが生きてれば天ぷら喜んでたでしょうね／この天ぷら、のび太にも食べさせてやりたかったな,https://d2dcan0armyq93.cloudfront.net/photo/odai/600/08ff2a605d75cf0c686bb0da90dc9768_600.jpg,08ff2a605d75cf0c686bb0da90dc9768_600.jpg
生きておったかスパ王,https://d2dcan0armyq93.cloudfront.net/photo/odai/600/48e7a986326de26264efdf2bec45a7aa_600.jpg,48e7a986326de26264efdf2bec45a7aa_600.jpg
男のプライドのために、やらなくてはならない時もある。渾身の握りっぺ,https://d2dcan0armyq93.cloudfront.net/photo/odai/600/863fbdc73a3302e9afd2b3f4ae702df6_600.jpg,863fbdc73a3302e9afd2b3f4ae702df6_600.jpg
画面もお湯に入れてしまう,https://d2dcan0armyq93.cloudfront.net/photo/odai/600/226c1b9e50a9af802363be1985953973_600.jpg,226c1b9e50a9af802363be1985953973_600.jpg
病院にいって,https://d2dcan0armyq93.cloudfront.net/photo/odai/600/041d39efa1a8b5fed08bde762c59a328_600.jpg,041d39efa1a8b5fed08bde762c59a328_600.jpg
エベレスト登頂をなめすぎ,https://d2dcan0armyq93.cloudfront.net/photo/odai/600/49fed2df26ec9822008306ffb75aff2d_600.jpg,49fed2df26ec9822008306ffb75aff2d_600.jpg
目の前でデスノートに名前書く,https://d2dcan0armyq93.cloudfront.net/photo/odai/600/73ab1e3fdac21c0cdeb665b9a8ee8296_600.jpg,73ab1e3fdac21c0cdeb665b9a8ee8296_600.jpg
シーチキン目線,https://d2dcan0armyq93.cloudfront.net/photo/odai/600/9a6e28a02d452a5a34be348fd757a5b3_600.jpg,9a6e28a02d452a5a34be348fd757a5b3_600.jpg
相席,https://d2dcan0armyq93.cloudfront.net/photo/odai/600/e990c449f5fcb1f69d65f982673e3b06_600.jpg,e990c449f5fcb1f69d65f982673e3b06_600.jpg
相手のことをソナタという,https://d2dcan0armyq93.cloudfront.net/photo/odai/600/a250ef71d71259fc165cf9a9412bf9b8_600.jpg,a250ef71d71259fc165cf9a9412bf9b8_600.jpg
でもね、相手が油断している時にトドメを刺すのも人間なのよ,https://d2dcan0armyq93.cloudfront.net/photo/odai/600/e7a6bc6e16ecec5ed6af714f02b25f6a_600.jpg,e7a6bc6e16ecec5ed6af714f02b25f6a_600.jpg
よし、睡眠薬を混入した。これでやつを...おっと危ない溢れるところだった,https://d2dcan0armyq93.cloudfront.net/photo/odai/600/508c377be1d61e54bedff45f0c6800bc_600.jpg,508c377be1d61e54bedff45f0c6800bc_600.jpg
おいのバカ！もう知らない！,https://d2dcan0armyq93.cloudfront.net/photo/odai/600/9a491eb06c6656c40ba770f1f034da02_600.jpg,9a491eb06c6656c40ba770f1f034da02_600.jpg
トイレの神様,https://d2dcan0armyq93.cloudfront.net/photo/odai/600/bfd30475690464611aa24f35e61cfc39_600.jpg,bfd30475690464611aa24f35e61cfc39_600.jpg
私のタランチュラと戦わせましょう,https://d2dcan0armyq93.cloudfront.net/photo/odai/600/68b69714af1bc78c0a7c7c6b7aa48b35_600.jpg,68b69714af1bc78c0a7c7c6b7aa48b35_600.jpg
私は無事です,https://d2dcan0armyq93.cloudfront.net/photo/odai/600/e4777b9f81f5520b45001b4b3e82bcbb_600.jpg,e4777b9f81f5520b45001b4b3e82bcbb_600.jpg
なぜ・なぜなの？私には結婚詐欺の容疑が… かからないの！,https://d2dcan0armyq93.cloudfront.net/photo/odai/600/bbef9d53767722e8f5dcebe76bd642ac_600.jpg,bbef9d53767722e8f5dcebe76bd642ac_600.jpg
私がインフルエンザとわかった途端、母の態度が変わった,https://d2dcan0armyq93.cloudfront.net/photo/odai/600/e5b30bdd13b93587081c4b0fc6493294_600.jpg,e5b30bdd13b93587081c4b0fc6493294_600.jpg
私達…口開かないよね…,https://d2dcan0armyq93.cloudfront.net/photo/odai/600/20c72d7534e1cff2ec67eae452e0754a_600.jpg,20c72d7534e1cff2ec67eae452e0754a_600.jpg
※すでに笑いましたが最後までお楽しみください,https://d2dcan0armyq93.cloudfront.net/photo/odai/600/3346d0ad2643695f05dbd1eda9eb9270_600.jpg,3346d0ad2643695f05dbd1eda9eb9270_600.jpg
その笑顔、そのご馳走、そのキャリーバッグ……病院だな？,https://d2dcan0armyq93.cloudfront.net/photo/odai/600/a9ee599efd625e193b042bafb74e72f7_600.jpg,a9ee599efd625e193b042bafb74e72f7_600.jpg
糖○病を発症、海鮮中心の食事にて快癒。以来磯野家は海の幸をその名に頂くことが家訓となった。 民明書房刊「栄螺で候」より,https://d2dcan0armyq93.cloudfront.net/photo/odai/600/c1c22fe7fedcbe5c2c1eaaa7caf928b4_600.jpg,c1c22fe7fedcbe5c2c1eaaa7caf928b4_600.jpg
「素敵、出てきたわ」『見てごらん、引っ込んだよ』「素敵」,https://d2dcan0armyq93.cloudfront.net/photo/odai/600/3066511677056402d437db5731d665fd_600.jpg,3066511677056402d437db5731d665fd_600.jpg
素敵なキッチンの部屋が見つかったので、スーモは用済み。,https://d2dcan0armyq93.cloudfront.net/photo/odai/600/f654cb6a886b2e20e138e39db3da7bd0_600.jpg,f654cb6a886b2e20e138e39db3da7bd0_600.jpg
紫 一部,https://d2dcan0armyq93.cloudfront.net/photo/odai/600/e088aadca66463cc2b22bacc0526345e_600.jpg,e088aadca66463cc2b22bacc0526345e_600.jpg
「緑のたぬき」「赤いきつね」同時に憑かれちまった,https://d2dcan0armyq93.cloudfront.net/photo/odai/600/247e08a1cc3f4372ccdfb30131d00c49_600.jpg,247e08a1cc3f4372ccdfb30131d00c49_600.jpg
美人の女性が返しに来た本をすかさずチェックし、偶然に陰のちぢれ毛が挟まってないか全ページをくまなく探す,https://d2dcan0armyq93.cloudfront.net/photo/odai/600/14535c569565be60c223ec0d81da5295_600.jpg,14535c569565be60c223ec0d81da5295_600.jpg
羽子板が弱過ぎる,https://d2dcan0armyq93.cloudfront.net/photo/odai/600/5388b7d1a6d673b7f4ea8f13cf92eff9_600.jpg,5388b7d1a6d673b7f4ea8f13cf92eff9_600.jpg
キャプテンが翼,https://d2dcan0armyq93.cloudfront.net/photo/odai/600/f12668a33af777a806c5e293d398e7f9_600.jpg,f12668a33af777a806c5e293d398e7f9_600.jpg
肺呼吸ですが…,https://d2dcan0armyq93.cloudfront.net/photo/odai/600/ee054e55e38dddf15f6857910bc18a6e_600.jpg,ee054e55e38dddf15f6857910bc18a6e_600.jpg
このタイミングで胃カメラですか？,https://d2dcan0armyq93.cloudfront.net/photo/odai/600/7fb164818889a97601d092834137cfd8_600.jpg,7fb164818889a97601d092834137cfd8_600.jpg
背後とられてた、いつ,https://d2dcan0armyq93.cloudfront.net/photo/odai/600/60aae03bba5cb0078a5fe33984916e87_600.jpg,60aae03bba5cb0078a5fe33984916e87_600.jpg
へっへっへ、腰を痛めた農家のジジイめざまぁみやがれ。朝起きた時にはもうおめぇの仕事は終わってんだよ。,https://d2dcan0armyq93.cloudfront.net/photo/odai/600/ff6da63c90e56910c9473417962c3b91_600.jpg,ff6da63c90e56910c9473417962c3b91_600.jpg
ときは良かったね,https://d2dcan0armyq93.cloudfront.net/photo/odai/600/dec6aee06e4c09c29e00ac4f86d5cc15_600.jpg,dec6aee06e4c09c29e00ac4f86d5cc15_600.jpg
花粉が目に来るタイプでして,https://d2dcan0armyq93.cloudfront.net/photo/odai/600/70785b9f7a0329ed4fbc02429185c702_600.jpg,70785b9f7a0329ed4fbc02429185c702_600.jpg
チ○コでピアノをひく芸を披露していたら蓋がバーンと落ちてきた,https://d2dcan0armyq93.cloudfront.net/photo/odai/600/0197e93cb5508ba734b401eb2677585b_600.jpg,0197e93cb5508ba734b401eb2677585b_600.jpg
『ねえ？苦しい？どのくらい苦しい？彼氏がいないのとどっちが苦しい？』とスタートからずっと並走しながら聞いてくる,https://d2dcan0armyq93.cloudfront.net/photo/odai/600/540baca892dc5a548a5ba2c3b56a364d_600.jpg,540baca892dc5a548a5ba2c3b56a364d_600.jpg
「行ってきます」じゃねーよ…エサがまだなんだよ,https://d2dcan0armyq93.cloudfront.net/photo/odai/600/41cb27363751f56b31ec7ac2046a7eac_600.jpg,41cb27363751f56b31ec7ac2046a7eac_600.jpg
じる行きの一番安い席,https://d2dcan0armyq93.cloudfront.net/photo/odai/600/11ff1b43a78fd8d114ccf39d172acee1_600.jpg,11ff1b43a78fd8d114ccf39d172acee1_600.jpg
｢行けたら行く」を信じて生涯をまっとうした男の銅像,https://d2dcan0armyq93.cloudfront.net/photo/odai/600/fae305f2929aeefd0a32fe368d93c947_600.jpg,fae305f2929aeefd0a32fe368d93c947_600.jpg
表彰で名前を呼ぶ都度合図を送ってくれるけど時間を気にしないありがた迷惑な先生,https://d2dcan0armyq93.cloudfront.net/photo/odai/600/549538a949741563684bb6e0c74395d0_600.jpg,549538a949741563684bb6e0c74395d0_600.jpg
西郷,https://d2dcan0armyq93.cloudfront.net/photo/odai/600/eeb8043bbfa41bc6fb6036113e4d54b2_600.jpg,eeb8043bbfa41bc6fb6036113e4d54b2_600.jpg
ライオンから見たシマウマのイメージ,https://d2dcan0armyq93.cloudfront.net/photo/odai/600/199a366612a3f337e1cffd163d064be2_600.jpg,199a366612a3f337e1cffd163d064be2_600.jpg
いつからかしら、トトロが見えなくなったの,https://d2dcan0armyq93.cloudfront.net/photo/odai/600/7720aba2a1d74ef52a8f00174be99acb_600.jpg,7720aba2a1d74ef52a8f00174be99acb_600.jpg
見張っててってそういう事じゃない。,https://d2dcan0armyq93.cloudfront.net/photo/odai/600/d52dfede930ce211d34b2043f3ecad5a_600.jpg,d52dfede930ce211d34b2043f3ecad5a_600.jpg
見せに来ただけです。,https://d2dcan0armyq93.cloudfront.net/photo/odai/600/f16d7221907536185241c2a1647572bf_600.jpg,f16d7221907536185241c2a1647572bf_600.jpg
親譲の無鉄砲で小供の時から損ばかりしている。小学校に居る時分学校の二階から飛び降りて,https://d2dcan0armyq93.cloudfront.net/photo/odai/600/297ce891714bc99365a83b16b129eab8_600.jpg,297ce891714bc99365a83b16b129eab8_600.jpg
よ～い、ドン！……って言ったらスタートですからね。,https://d2dcan0armyq93.cloudfront.net/photo/odai/600/055c6f65d572b4da1b36a4ca17f272e0_600.jpg,055c6f65d572b4da1b36a4ca17f272e0_600.jpg
「ひとつ言わせてもらうと、女は歯茎を出してからが勝負ね♪ガッキーも人気だけど、これからはグッキーがくるわよ♪」,https://d2dcan0armyq93.cloudfront.net/photo/odai/600/2c9eeebe0169283dc2b894ebd4822123_600.jpg,2c9eeebe0169283dc2b894ebd4822123_600.jpg
オロロロヤって言った奴出てこい,https://d2dcan0armyq93.cloudfront.net/photo/odai/600/3323ff8af658e2aa7d055ffc633534bb_600.jpg,3323ff8af658e2aa7d055ffc633534bb_600.jpg
言いにくいんだけどさ、うちの婆ちゃんまだ閉_経してないんだ,https://d2dcan0armyq93.cloudfront.net/photo/odai/600/b29e44436da370de270a454102087eaa_600.jpg,b29e44436da370de270a454102087eaa_600.jpg
と言われていたのを忘れた桃太郎は一人で鬼ヶ島に行かざるをえませんでした…。,https://d2dcan0armyq93.cloudfront.net/photo/odai/600/686b6621f63ca069494665b3410a0838_600.jpg,686b6621f63ca069494665b3410a0838_600.jpg
テメぇらのボスに言いな、「オムツと情報はさっさとはいたほうがいいぜ、どうせ漏れちまうんだからな」ってな,https://d2dcan0armyq93.cloudfront.net/photo/odai/600/ab925e904ac32dc1424474da1e5cd976_600.jpg,ab925e904ac32dc1424474da1e5cd976_600.jpg
記憶力が低下した,https://d2dcan0armyq93.cloudfront.net/photo/odai/600/dbd0d4f5fd47e18047eea64b608908e5_600.jpg,dbd0d4f5fd47e18047eea64b608908e5_600.jpg
ありがとう。話しかけてくれて。,https://d2dcan0armyq93.cloudfront.net/photo/odai/600/3e6ca12caef0689844f687b4e42115c2_600.jpg,3e6ca12caef0689844f687b4e42115c2_600.jpg
え？話って置いとけるんですか？,https://d2dcan0armyq93.cloudfront.net/photo/odai/600/2ddf46fb521e0dfb824dba29f1f41f10_600.jpg,2ddf46fb521e0dfb824dba29f1f41f10_600.jpg
その話長い？,https://d2dcan0armyq93.cloudfront.net/photo/odai/600/7508a03d4f2a04b2a7faa72ec60368a2_600.jpg,7508a03d4f2a04b2a7faa72ec60368a2_600.jpg
あー説明するのだ,https://d2dcan0armyq93.cloudfront.net/photo/odai/600/4249d029a53abc9897d0bada39a8320b_600.jpg,4249d029a53abc9897d0bada39a8320b_600.jpg
誰か押して〜,https://d2dcan0armyq93.cloudfront.net/photo/odai/600/44b97bdedfa8eb7a7a3aca0cad462aea_600.jpg,44b97bdedfa8eb7a7a3aca0cad462aea_600.jpg
論には力で対抗,https://d2dcan0armyq93.cloudfront.net/photo/odai/600/9788beac6122f2155b310f5db4e3e903_600.jpg,9788beac6122f2155b310f5db4e3e903_600.jpg
…それでも貴方は踏んじゃいますか？,https://d2dcan0armyq93.cloudfront.net/photo/odai/600/17a2887bd99df0c5a637db0028eae1fe_600.jpg,17a2887bd99df0c5a637db0028eae1fe_600.jpg
買い物かご,https://d2dcan0armyq93.cloudfront.net/photo/odai/600/55356006b29e58463e438ce35c39dee8_600.jpg,55356006b29e58463e438ce35c39dee8_600.jpg
ノーベル賞受賞おめでとうございます！こちら賞品のサランラップです,https://d2dcan0armyq93.cloudfront.net/photo/odai/600/a6e2a795686799983c5f5136a19161c8_600.jpg,a6e2a795686799983c5f5136a19161c8_600.jpg
「赤いきつね？ハハハ、そんなもの食べたことないよ。」,https://d2dcan0armyq93.cloudfront.net/photo/odai/600/521d4cee57b73400d260cf484ddbc4ef_600.jpg,521d4cee57b73400d260cf484ddbc4ef_600.jpg
コイツらどこを走っとるんじゃ！,https://d2dcan0armyq93.cloudfront.net/photo/odai/600/b0e494da9cbebb3b0fec18bb26561c7f_600.jpg,b0e494da9cbebb3b0fec18bb26561c7f_600.jpg
カマンベールチーズ超食いてぇ,https://d2dcan0armyq93.cloudfront.net/photo/odai/600/625d0180cdd8696a2d4de75083acb90b_600.jpg,625d0180cdd8696a2d4de75083acb90b_600.jpg
あ、足で。,https://d2dcan0armyq93.cloudfront.net/photo/odai/600/c9b47b2f36b5db42a7e4b305bdb7fe05_600.jpg,c9b47b2f36b5db42a7e4b305bdb7fe05_600.jpg
足元を見てください。ビルとか色々踏んでいます・・・,https://d2dcan0armyq93.cloudfront.net/photo/odai/600/3d4be8ee8257b22bab014d1d4512986d_600.jpg,3d4be8ee8257b22bab014d1d4512986d_600.jpg
軌道ズレたら太陽に殴られた木星,https://d2dcan0armyq93.cloudfront.net/photo/odai/600/5a844caac9578a0fa7cda5daff73073d_600.jpg,5a844caac9578a0fa7cda5daff73073d_600.jpg
オメーらわかったんなら返事しろごらぁ！,https://d2dcan0armyq93.cloudfront.net/photo/odai/600/10954e7b9402ccad4067f1d78030cc00_600.jpg,10954e7b9402ccad4067f1d78030cc00_600.jpg
「まあ迷ってもロープ辿って帰れば大丈夫だから」『…もしもそのロープ俺が片付けてたとしたら怒る？もしもの話だけど』,https://d2dcan0armyq93.cloudfront.net/photo/odai/600/71b0f9f02ca0aea401007ee706227c20_600.jpg,71b0f9f02ca0aea401007ee706227c20_600.jpg
通報,https://d2dcan0armyq93.cloudfront.net/photo/odai/600/7fb5385851632c8a7091aeb16cefe915_600.jpg,7fb5385851632c8a7091aeb16cefe915_600.jpg
通常版／初回限定版,https://d2dcan0armyq93.cloudfront.net/photo/odai/600/982b24cb0853377ca7ced78e2fbae6d0_600.jpg,982b24cb0853377ca7ced78e2fbae6d0_600.jpg
お通じが良くなる,https://d2dcan0armyq93.cloudfront.net/photo/odai/600/165c73422e6324877a2429ccbc36c256_600.jpg,165c73422e6324877a2429ccbc36c256_600.jpg
遂に星200K達成‼ 引退は免れたw 「今日中に200K～」って累計の星の数ですよw あと星の増え方おかしすぎるんだがw,https://d2dcan0armyq93.cloudfront.net/photo/odai/600/26130a84439dce80967cdbf62911d1fa_600.jpg,26130a84439dce80967cdbf62911d1fa_600.jpg
うちのクラスの「いただきます」はいつも遅い,https://d2dcan0armyq93.cloudfront.net/photo/odai/600/4275635f565091b18049d2f143c6e84f_600.jpg,4275635f565091b18049d2f143c6e84f_600.jpg
過去を振り返るな、未来を生きろと諭したが、綱渡りから戻ったシロの手には昔遊んでた毛糸があった,https://d2dcan0armyq93.cloudfront.net/photo/odai/600/0dd0c9bf02860e211fe07bd3d0c6b3c3_600.jpg,0dd0c9bf02860e211fe07bd3d0c6b3c3_600.jpg
オタクなおっさん達,https://d2dcan0armyq93.cloudfront.net/photo/odai/600/ddb58d349a4dd50894b87319158322ec_600.jpg,ddb58d349a4dd50894b87319158322ec_600.jpg
はじめてのおつかいリストが酷すぎる,https://d2dcan0armyq93.cloudfront.net/photo/odai/600/0a8021b1edce3d2d3df1df9781c966b0_600.jpg,0a8021b1edce3d2d3df1df9781c966b0_600.jpg
開く瞬間のびっくり箱の中身,https://d2dcan0armyq93.cloudfront.net/photo/odai/600/a557a0cfaa2b7b24d6d9ed76497c698d_600.jpg,a557a0cfaa2b7b24d6d9ed76497c698d_600.jpg
関わっている,https://d2dcan0armyq93.cloudfront.net/photo/odai/600/c36294500c2f6805c2bcfd9e1a8fcf1d_600.jpg,c36294500c2f6805c2bcfd9e1a8fcf1d_600.jpg
隣と目が合うシステム,https://d2dcan0armyq93.cloudfront.net/photo/odai/600/fc6a3045f06e83e2357fef5a6c73ad21_600.jpg,fc6a3045f06e83e2357fef5a6c73ad21_600.jpg
電波バリ3やね,https://d2dcan0armyq93.cloudfront.net/photo/odai/600/a7782465178aad00c98694acf55cee5b_600.jpg,a7782465178aad00c98694acf55cee5b_600.jpg
ガラスをひっかく音の大ファン,https://d2dcan0armyq93.cloudfront.net/photo/odai/600/9fe4099bd818c97ec64aafa7953b9504_600.jpg,9fe4099bd818c97ec64aafa7953b9504_600.jpg
あの頃は志村けんの変なおじさんだったが、今や水晶玉を鳩に変える手品師さ,https://d2dcan0armyq93.cloudfront.net/photo/odai/600/d3530b766bdecd9c0c5a3d39f0765d4d_600.jpg,d3530b766bdecd9c0c5a3d39f0765d4d_600.jpg
顔,https://d2dcan0armyq93.cloudfront.net/photo/odai/600/879a1022536a62934b3622d550180153_600.jpg,879a1022536a62934b3622d550180153_600.jpg
いやいや顔面ブロックで鼻血出てるから,https://d2dcan0armyq93.cloudfront.net/photo/odai/600/5e181153e8eeb73a59119f6848e2a510_600.jpg,5e181153e8eeb73a59119f6848e2a510_600.jpg
お風呂に入れてゆず潮を巻き起こすのも良し,https://d2dcan0armyq93.cloudfront.net/photo/odai/600/df64a2d7b599aa27b2ed25b0966de14a_600.jpg,df64a2d7b599aa27b2ed25b0966de14a_600.jpg
その飛行機がおばさんの家に墜落したわ,https://d2dcan0armyq93.cloudfront.net/photo/odai/600/751322f2172d27ad36ab4c9ea0bab4a8_600.jpg,751322f2172d27ad36ab4c9ea0bab4a8_600.jpg
食べたい／入れたい／剥けてほしい,https://d2dcan0armyq93.cloudfront.net/photo/odai/600/e7a02ad86a003d760edeb4eed41e6a94_600.jpg,e7a02ad86a003d760edeb4eed41e6a94_600.jpg
食べてお腹,https://d2dcan0armyq93.cloudfront.net/photo/odai/600/3daa7bbca47a0465abc87895d7b7f1b2_600.jpg,3daa7bbca47a0465abc87895d7b7f1b2_600.jpg
サーモンが食べてほしそうにこちらを見ています。☆3食べる☆1たべない。,https://d2dcan0armyq93.cloudfront.net/photo/odai/600/123fca527ad8918fc873e1b3d0918247_600.jpg,123fca527ad8918fc873e1b3d0918247_600.jpg
飲み放題コース界のプロ,https://d2dcan0armyq93.cloudfront.net/photo/odai/600/642546cbc15d40c1732d61fb68d45dd5_600.jpg,642546cbc15d40c1732d61fb68d45dd5_600.jpg
あの、首がとれちゃったんですけど。,https://d2dcan0armyq93.cloudfront.net/photo/odai/600/caf19bf5b8b346c402431819dd44ef20_600.jpg,caf19bf5b8b346c402431819dd44ef20_600.jpg
駅までの道を尋ねた相手が平野レミで、地図が独特(ちなみに生姜が俺らしい),https://d2dcan0armyq93.cloudfront.net/photo/odai/600/7a83e5bc0c05163c025c1e07d57354f5_600.jpg,7a83e5bc0c05163c025c1e07d57354f5_600.jpg
骨になってもなお、株主優待券を使いに行こうとする桐谷さん,https://d2dcan0armyq93.cloudfront.net/photo/odai/600/cc8e899e7a52feef076dd99ec77520a1_600.jpg,cc8e899e7a52feef076dd99ec77520a1_600.jpg
鬼太郎の母,https://d2dcan0armyq93.cloudfront.net/photo/odai/600/4077e12dd06332342614c53c771ca119_600.jpg,4077e12dd06332342614c53c771ca119_600.jpg
魔女の宅で急に便意,https://d2dcan0armyq93.cloudfront.net/photo/odai/600/640ee962ea568f98342f0647517099b7_600.jpg,640ee962ea568f98342f0647517099b7_600.jpg
あははつめたいのは鳥じゃないかな,https://d2dcan0armyq93.cloudfront.net/photo/odai/600/6d386f2f53fc1f2df3101a6590ce3bd5_600.jpg,6d386f2f53fc1f2df3101a6590ce3bd5_600.jpg
鷹アンド女子,https://d2dcan0armyq93.cloudfront.net/photo/odai/600/c5ddd0322ef67f2e6e395cca4ed41314_600.jpg,c5ddd0322ef67f2e6e395cca4ed41314_600.jpg
麻酔針を避けるのが上手くなってきた,https://d2dcan0armyq93.cloudfront.net/photo/odai/600/b19fd6b8b2f157d9e1c7aa665c06291b_600.jpg,b19fd6b8b2f157d9e1c7aa665c06291b_600.jpg
